"case_id","scenario","rate_mt","L_mid","L_top","repeat_id","f1_retained_integral_m3yr","final_retained_m3","injected_total_m3","unretained_final_m3","raw_mass_balance_difference_m3"
"low_one_well",1,0.8,4,5,1,188372429.804373,24560577.6877465,26823529.4117647,2262951.72401819,2262951.72401819
"low_one_well",1,0.8,4,5,2,188372429.804373,24560577.6877465,26823529.4117647,2262951.72401819,2262951.72401819
"low_one_well",1,0.8,4,5,3,188372429.804373,24560577.6877465,26823529.4117647,2262951.72401819,2262951.72401819
"mid_one_well",1,0.9,5,7,1,220478747.174028,26188771.6947402,30176470.5882353,3987698.89349509,3987698.89349509
"mid_one_well",1,0.9,5,7,2,220478747.174028,26188771.6947402,30176470.5882353,3987698.89349509,3987698.89349509
"mid_one_well",1,0.9,5,7,3,220478747.174028,26188771.6947402,30176470.5882353,3987698.89349509,3987698.89349509
"high_three_well",3,1,6,4,1,419400395.711256,51469756.3952555,100588235.294118,49118478.8988622,49118478.8988622
"high_three_well",3,1,6,4,2,419400395.711256,51469756.3952555,100588235.294118,49118478.8988622,49118478.8988622
"high_three_well",3,1,6,4,3,419400395.711256,51469756.3952555,100588235.294118,49118478.8988622,49118478.8988622
