"model","objective","train_n","test_n_mean","RMSE_mean","RMSE_sd","NRMSE_trainSD_mean","NRMSE_trainSD_sd","MAE_mean","MAE_sd","R2_mean","R2_sd"
"MixedKernelGP","f1_retained_integral_m3yr",180,679,19273812.1760361,2759893.30067982,0.101366156499979,0.0154582159903746,9442153.03483738,1005620.03757126,0.988804821324653,0.00325350861392198
"MNL","f1_retained_integral_m3yr",180,679,62797600.978731,5326504.82465066,0.330299668175745,0.0327988225564154,36659236.9916924,3399682.03543999,0.882710073465127,0.0222002491394053
"RandomForest","f1_retained_integral_m3yr",180,679,31402280.654695,1921413.13665965,0.165116628793557,0.0127912966347401,20259061.1685881,854931.42195353,0.970838963380794,0.00327941517877875
"MixedKernelGP","f2_unretained_final_m3",180,679,4419055.41837354,783308.875342699,0.250786882742065,0.0489450018830013,2106394.97797329,386225.675149367,0.935182446754109,0.0205316207774558
"MNL","f2_unretained_final_m3",180,679,9223052.11895907,985439.046991832,0.521624326590457,0.0575234165110009,4993672.95483307,550098.044640552,0.722339536982993,0.047263563547149
"RandomForest","f2_unretained_final_m3",180,679,6257797.51981422,614492.29675483,0.354381776591059,0.0414384106718184,3709536.13393607,250747.38225595,0.871806170554557,0.0242902734506806
"MixedKernelGP","f3_total_cost_eur",180,679,23286825.9188106,3371979.89568947,0.0178371986014985,0.00278363386678635,14339794.1329934,1783970.36783267,0.999664987903926,0.000101261200792878
"MNL","f3_total_cost_eur",180,679,331059695.617457,78270884.984561,0.253903151046654,0.06339861206979,141623524.622745,17643330.0396993,0.930431435555099,0.0323500703166952
"RandomForest","f3_total_cost_eur",180,679,67645318.5214572,6608373.95125212,0.0517861242742437,0.00541743617785174,44782260.0578625,6081788.69325081,0.997198469755042,0.000525268428547924
