"split_seed","MNL_classification_accuracy","MNL_multiclass_log_loss"
2001,0.468335787923417,5.55654272800107
2002,0.43298969072165,6.37067060077081
2003,0.440353460972018,7.04577975750747
2004,0.456553755522828,6.69035878628417
2005,0.37260677466863,6.92940345493649
